Model,AUC Score
Logistic Regression,0.8086124401913876
XGBoost,0.7763157894736842
Neural Network,0.7392344497607655
SVM,0.6746411483253589
Random Forest,0.7703349282296651
