Model,RMSE
Logistic Regression,2.4265784935583054e-15
XGBoost,0.005638880915754558
Neural Network,0.2610337648830696
SVM,0.0484159817169608
Random Forest,0.007493966623847667
