Model,AUC Score
Logistic Regression,0.8110047846889953
XGBoost,0.7763157894736842
Neural Network,0.7440191387559808
SVM,0.6423444976076556
Random Forest,0.7787081339712918
