Model,RMSE
Logistic Regression,0.44867674298929155
XGBoost,0.41763701690038324
Neural Network,0.4381824036482006
SVM,0.4543032747468956
Random Forest,0.4257038436686448
