Model,RMSE
Linear Regression,0.5779654308396102
XGBoost,0.5908881776087875
Neural Network,0.5689883491181758
SVM,0.5452796386682599
Random Forest,0.5785559877305311
