Class,Precision,Recall,F1-score,AUC,Accuracy,Support
Class 0,0.7211580322159338,0.46129211918685603,0.5626698369565217,0.7876033738568939, ,7182.0
Class 1,0.7805818635512959,0.9148554336989033,0.8424016157659588,0.7876033738568939, ,15045.0
macro avg,0.7508699478836148,0.6880737764428797,0.7025357263612403,0.7876033738568939,0.768299815539659, 
weighted avg,0.7613808037298818,0.768299815539659,0.7520145353948166,0.7876033738568939, , 
