Class,Precision,Recall,F1-score,AUC,Accuracy,Support
Class 0,0.7188179052585832,0.4605959342801448,0.561439239646979,0.7857657696177225, ,7182.0
Class 1,0.7801985815602837,0.9139913592555666,0.8418120599938781,0.7857657696177225, ,15045.0
macro avg,0.7495082434094335,0.6872936467678556,0.7016256498204285,0.7857657696177225,0.7674899896522248, 
weighted avg,0.7603652249580066,0.7674899896522248,0.7512178459419849,0.7857657696177225, , 
