Model,AUC Score
Logistic Regression,0.569377990430622
XGBoost,0.6064593301435407
Neural Network,0.569377990430622
SVM,0.5
Random Forest,0.6578947368421052
