Class,Precision,Recall,F1-score,AUC,Accuracy,Support
Class 0,0.8235294117647058,0.5675675675675675,0.6719999999999999,0.7480694980694981, ,74.0
Class 1,0.785234899328859,0.9285714285714286,0.8509090909090908,0.7480694980694981, ,126.0
macro avg,0.7704360802520311,0.674924924924925,0.6820349761526232,0.8067353067353067,0.745, 
weighted avg,0.7599386503067485,0.745,0.7188235294117646,0.8067353067353067, , 
