Class,Precision,Recall,F1-score,AUC,Accuracy,Support
Class 0,0.7020594965675058,0.4271790587580061,0.5311634349030471,0.7661598422036406, ,7182.0
Class 1,0.7696141569132553,0.9134596211365902,0.8353899458999453,0.7661598422036406, ,15045.0
macro avg,0.741535262031733,0.6647793878181663,0.6777024912324328,0.7643524777010285,0.7564673595177037, 
weighted avg,0.7498546188327099,0.7564673595177037,0.7340665392236126,0.7643524777010285, , 
