Class,Precision,Recall,F1-score,Support
Class 0,0.7116424116424116,0.4766081871345029,0.5708805870580387,7182.0
Class 1,0.7841763793994373,0.9078099036224659,0.8414761875423572,15045.0
macro avg,0.7495082434094335,0.6872936467678556,0.7016256498204285, 
weighted avg,0.7603652249580066,0.7674899896522248,0.7512178459419849, 
accuracy,0.7674899896522248, , , 
