Class,Precision,Recall,F1-score,AUC,Accuracy,Support
Class 0,0.7173867228661749,0.47396268448900025,0.5708057348872306,0.7888226159727445, ,7182.0
Class 1,0.7838920032032948,0.9108673978065802,0.8426230516186552,0.7888226159727445, ,15045.0
macro avg,0.7525227978860927,0.6863969217382662,0.701043831108789,0.7886674146316273,0.7683448058667387, 
weighted avg,0.7619270195772121,0.7683448058667387,0.7512228150384077,0.7886674146316273, , 
