Class,Precision,Recall,F1-score,AUC,Accuracy,Support
Class 0,0.7084156459897274,0.49930381509328875,0.5857562887945115,0.793507947335937, ,7182.0
Class 1,0.7905039324206233,0.9018943170488535,0.8425333747283451,0.793507947335937, ,15045.0
macro avg,0.7631213487676811,0.675031949542628,0.6899215401386587,0.7899592274878696,0.7674899896522248, 
weighted avg,0.7655116224629819,0.7674899896522248,0.744785326998888,0.7899592274878696, , 
