Class,Precision,Recall,F1-score,AUC,Accuracy,Support
Class 0,0.755011135857461,0.5082458770614693,0.6075268817204301,0.7911554350356704, ,667.0
Class 1,0.7885235332043843,0.9174793698424606,0.8481276005547851,0.7911554350356704, ,1333.0
macro avg,0.7556307976629484,0.668640923349278,0.6810420866935484,0.7902736553703642,0.757, 
weighted avg,0.7563398868981556,0.757,0.7328740234375,0.7902736553703642, , 
