Class,Precision,Recall,F1-score,AUC,Accuracy,Support
Class 0,0.8297491039426523,0.6941529235382309,0.7559183673469387,0.8797782279152997, ,667.0
Class 1,0.8585298196948682,0.9287321830457614,0.8922522522522522,0.8797782279152997, ,1333.0
macro avg,0.807263924627815,0.7379826590830616,0.7560913989780167,0.8596839989607596,0.8045, 
weighted avg,0.8056144857370223,0.8045,0.7922756058025295,0.8596839989607596, , 
