Class,Precision,Recall,F1-score,Support
Class 0,0.7229776446185757,0.436786410470621,0.5445707837861297,7182.0
Class 1,0.7738707513416816,0.9201063476237953,0.8406765250660432,15045.0
macro avg,0.7495082434094335,0.6872936467678556,0.7016256498204285, 
weighted avg,0.7603652249580066,0.7674899896522248,0.7512178459419849, 
accuracy,0.7674899896522248, , , 
