Class,Precision,Recall,F1-score,AUC,Accuracy,Support
Class 0,0.7173867228661749,0.47396268448900025,0.5708057348872306,0.7888226159727445, ,7182.0
Class 1,0.7838920032032948,0.9108673978065802,0.8426230516186552,0.7888226159727445, ,15045.0
macro avg,0.7484241979801287,0.6784463790472082,0.6926236544260864,0.7806406826119618,0.7639357538129302, 
weighted avg,0.7574261437704689,0.7639357538129302,0.7449986812782023,0.7806406826119618, , 
