Class,Precision,Recall,F1-score,AUC,Accuracy,Support
Class 0,0.7020594965675058,0.4271790587580061,0.5311634349030471,0.7661598422036406, ,7182.0
Class 1,0.7696141569132553,0.9134596211365902,0.8353899458999453,0.7661598422036406, ,15045.0
macro avg,0.7384480619404661,0.6583968367801081,0.6705231690592259,0.7589181124592435,0.7530480946596482, 
weighted avg,0.7464286012015664,0.7530480946596482,0.7288559171710671,0.7589181124592435, , 
