Class,Precision,Recall,F1-score,AUC,Accuracy,Support
Class 0,0.7084156459897274,0.49930381509328875,0.5857562887945115,0.793507947335937, ,7182.0
Class 1,0.7905039324206233,0.9018943170488535,0.8425333747283451,0.793507947335937, ,15045.0
macro avg,0.7482729859224289,0.6701529080261305,0.6838646300712655,0.7798213500221511,0.7607864309173528, 
weighted avg,0.7552685933163205,0.7607864309173528,0.7390302740016543,0.7798213500221511, , 
