Class,Precision,Recall,F1-score,AUC,Accuracy,Support
Class 0,0.8297491039426523,0.6941529235382309,0.7559183673469387,0.8797782279152997, ,667.0
Class 1,0.8585298196948682,0.9287321830457614,0.8922522522522522,0.8797782279152997, ,1333.0
macro avg,0.8343843043975603,0.7732172923290792,0.7918747918747919,0.8797782279152997,0.83, 
weighted avg,0.8315927683279856,0.83,0.8215376290376292,0.8797782279152997, , 
