Class,Precision,Recall,F1-score,AUC,Accuracy,Support
Class 0,0.7173867228661749,0.47396268448900025,0.5708057348872306,0.7888226159727445, ,7182.0
Class 1,0.7838920032032948,0.9108673978065802,0.8426230516186552,0.7888226159727445, ,15045.0
macro avg,0.7530973576922252,0.6823736670800742,0.6970318453344829,0.7888226159727445,0.7670850767085077, 
weighted avg,0.7612365891452726,0.7670850767085077,0.7485689484682737,0.7888226159727445, , 
