Class,Precision,Recall,F1-score,Support
Class 0,0.7300895111315125,0.44291283764967976,0.5513476037784903,7182.0
Class 1,0.7761052042529378,0.9218344965104686,0.8427160868904755,15045.0
macro avg,0.7495082434094335,0.6872936467678556,0.7016256498204285, 
weighted avg,0.7603652249580066,0.7674899896522248,0.7512178459419849, 
accuracy,0.7674899896522248, , , 
