Class,Precision,Recall,F1-score,AUC,Accuracy,Support
Class 0,0.7020594965675058,0.4271790587580061,0.5311634349030471,0.7661598422036406, ,7182.0
Class 1,0.7696141569132553,0.9134596211365902,0.8353899458999453,0.7661598422036406, ,15045.0
macro avg,0.7378779192548411,0.6570978654123955,0.6690453989302099,0.7661598422036406,0.752373239753453, 
weighted avg,0.7457694033703701,0.752373239753453,0.7277925353413244,0.7661598422036406, , 
