Class,Precision,Recall,F1-score,AUC,Accuracy,Support
Class 0,0.7084156459897274,0.49930381509328875,0.5857562887945115,0.793507947335937, ,7182.0
Class 1,0.7905039324206233,0.9018943170488535,0.8425333747283451,0.793507947335937, ,15045.0
macro avg,0.7561062196604782,0.6874051057631894,0.7023954099571305,0.793507947335937,0.7700544382957664, 
weighted avg,0.7643320385406456,0.7700544382957664,0.7525938379460618,0.793507947335937, , 
