Class,Precision,Recall,F1-score,AUC,Accuracy,Support
Class 0,0.8235294117647058,0.5675675675675675,0.6719999999999999,0.7480694980694981, ,74.0
Class 1,0.785234899328859,0.9285714285714286,0.8509090909090908,0.7480694980694981, ,126.0
macro avg,0.8043821555467825,0.7480694980694981,0.7614545454545454,0.7480694980694981,0.795, 
weighted avg,0.7994038689301223,0.795,0.7847127272727272,0.7480694980694981, , 
