Class,Precision,Recall,F1-score,AUC,Accuracy,Support
Class 0,0.7020594965675058,0.4271790587580061,0.5311634349030471,0.7661598422036406, ,7182.0
Class 1,0.7696141569132553,0.9134596211365902,0.8353899458999453,0.7661598422036406, ,15045.0
macro avg,0.7358368267403805,0.6703193399472982,0.6832766904014962,0.7661598422036406,0.7563323885364647, 
weighted avg,0.747785859320095,0.7563323885364647,0.7370881147045647,0.7661598422036406, , 
