Class,Precision,Recall,F1-score,AUC,Accuracy,Support
Class 0,0.7173867228661749,0.47396268448900025,0.5708057348872306,0.7888226159727445, ,7182.0
Class 1,0.7838920032032948,0.9108673978065802,0.8426230516186552,0.7888226159727445, ,15045.0
macro avg,0.7506393630347348,0.6924150411477903,0.7067143932529429,0.7888226159727445,0.7696945156791289, 
weighted avg,0.7624027818337354,0.7696945156791289,0.7547932964215935,0.7888226159727445, , 
