Class,Precision,Recall,F1-score,Support
Class 0,0.7173867228661749,0.47396268448900025,0.5708057348872306,7182.0
Class 1,0.7838920032032948,0.9108673978065802,0.8426230516186552,15045.0
macro avg,0.7495082434094335,0.6872936467678556,0.7016256498204285, 
weighted avg,0.7603652249580066,0.7674899896522248,0.7512178459419849, 
accuracy,0.7674899896522248, , , 
