Class,Precision,Recall,F1-score,AUC,Accuracy,Support
Class 0,0.7084156459897274,0.49930381509328875,0.5857562887945115,0.793507947335937, ,7182.0
Class 1,0.7905039324206233,0.9018943170488535,0.8425333747283451,0.793507947335937, ,15045.0
macro avg,0.7494597892051753,0.7005990660710711,0.7141448317614283,0.793507947335937,0.7718090610518739, 
weighted avg,0.7639795218772889,0.7718090610518739,0.7595634268641802,0.793507947335937, , 
